1898412024951906809;48863535;User;2025-03-08 16:34:32+00:00;@ENGIEpartFR Bonjour, un sms, un appel dans la foul√©e auquel je n‚Äôai pu r√©pondre et un mail laconique. Et j‚Äôattends toujours la visite d‚Äôentretien et des explications. Est-ce cela le respect du client?
1898393515433898119;1046060826212405248;User;2025-03-08 15:20:59+00:00;@ENGIEpartFR Bonjour, √† qui envoyer mon contrat √âlec sign√©? Impossible de l'envoyer par mail
1898300617484886490;383261278;User;2025-03-08 09:11:50+00:00;@Aillyn_PP @Ticamomille @ENGIEpartFR Pas de v√©hicule √©lectrique, pas d'appareil en veille (chauffage en hors gel quand je suis absente longtemps ou en √©co pour la journ√©e) ...
1898296676671947226;739036193690619904;User;2025-03-08 08:56:11+00:00;@Padanox @ENGIEpartFR On a tous des dingueries depuis le d√©but d‚Äôann√©e.. J‚Äôai vu beaucoup de posts sur le sujet..
1898296218331033832;2791574170;User;2025-03-08 08:54:21+00:00;@Ticamomille @Padanox @ENGIEpartFR Mais je confirme c‚Äôest beaucoup pour 40m2 ! Moi pour 61m2 j‚Äôai moins sur janvier Tu as un v√©hicule √©lectrique ? Tu n‚Äôas pas d‚Äôappareil qui serait rest√© branch√© inutilement ? Tu n‚Äôas pas ton voisin qui s‚Äôest branch√© chez toi ? üò¨ https://t.co/uYUSnDx7qC
1898295346322628997;2791574170;User;2025-03-08 08:50:53+00:00;@Ticamomille @Padanox @ENGIEpartFR Le param√®tre heures creuse n‚Äôest utile que si ton abonnement est en heures creuses √©galement. C‚Äôest quoi ton abonnement @Padanox ?
1898294459806208272;614200061;User;2025-03-08 08:47:22+00:00;@Padanox @ENGIEpartFR Si c'est bien param√©tr√© pour chauffer la nuit en heures creuses.... Regarder aussi le tableau qui concerne le chauffe-eau il y a un mode nuit
1898294230763631002;383261278;User;2025-03-08 08:46:27+00:00;@Ticamomille @ENGIEpartFR Je l'ai pas sous la main mais regarder quoi ? La conso/heure ?
1898293916526350393;383261278;User;2025-03-08 08:45:12+00:00;@Adele_a_bout @ENGIEpartFR Et c'est pas des grilles pains üò±
1898293802286141530;383261278;User;2025-03-08 08:44:45+00:00;@Adele_a_bout @ENGIEpartFR Je viens de regarder, conso de janvier 983 kWh üò± + Tarif du kWh pas celui que j'ai souscrit (‚âà 40‚Ç¨ de diff√©rence)
1898293260075856258;614200061;User;2025-03-08 08:42:36+00:00;@Padanox @ENGIEpartFR Regarde le chauffe eau si c'est un ballon
1898293186482569517;614200061;User;2025-03-08 08:42:18+00:00;@Padanox @ENGIEpartFR Cest gros pour 40 M2....c'est ma conso 125 m2
1898293182321860997;383261278;User;2025-03-08 08:42:17+00:00;@Gaellicious @ENGIEpartFR üò±üò±üò±
1898292997051027477;383261278;User;2025-03-08 08:41:33+00:00;@Ticamomille @ENGIEpartFR Il est en 6 mais puissance de sortie possible 9. Mais j'ai une conso de 983 kWh sur le mois de janvier üò±
1898290892684886233;739036193690619904;User;2025-03-08 08:33:12+00:00;@Padanox @ENGIEpartFR La m√™me, j‚Äôai l‚Äôimpression qu‚Äôon est tous pareils.. pour janvier, 50m2, plus de 300‚Ç¨‚Ä¶
1898283645590212944;614200061;User;2025-03-08 08:04:24+00:00;@Padanox @ENGIEpartFR Tu es en 6 ou 9 en puissance ? Regarde sur le linky et ton abonnement
1898283240621748407;383261278;User;2025-03-08 08:02:47+00:00;@Adele_a_bout @ENGIEpartFR Tu me rassures ! J'ai vraiment pas un palace. D√©j√† que je gal√®re √† chauffer si en plus c'est pour des factures astronomiques √ßa va pas le faire.
1898282877927719033;383261278;User;2025-03-08 08:01:21+00:00;"@Ticamomille @ENGIEpartFR Pas sp√©cialement pourtant. Et je suis suppos√©e avoir des radiateurs ""modernes"" qui consomment moins üò¨"
1898278216734781815;614200061;User;2025-03-08 07:42:49+00:00;@Padanox @ENGIEpartFR Il n'a pas fait plus froid que d'habitude ? J'ai eu pareil
1898277672129552622;383261278;User;2025-03-08 07:40:39+00:00;Euh... Pour 40 m¬≤. Y a pas un l√©ger souci @ENGIEpartFR ? https://t.co/dXggzR7OK5
1897706621091954725;3100591653;User;2025-03-06 17:51:30+00:00;Vous me fatiguez tellement @ENGIEpartFR ! J'ai pas souvenir que vous m'ayez contact√© pour passer mes mensualit√©s du simple au double ! https://t.co/hhUiLFwHCk
1897627239077794259;1364977222969393154;User;2025-03-06 12:36:04+00:00;@ENGIEpartFR Merci d‚Äôarr√™t√© de nous envoyer vos charlatans faire du porte √† porte d√©brouillez vous pour trouver des clients
1897574307712106544;55216228;User;2025-03-06 09:05:44+00:00;‚ùå Faux ! Il s‚Äôagit simplement de r√©duire temporairement (15 √† 20 mn) la consommation de certains appareils comme le chauffage ou le chauffe-eau, sans impact sur votre confort. üìΩÔ∏è Explications en vid√©o avec @mrlechat94. #JAgisAvecENGIE https://t.co/bDFqmCu9Jq
1897367190913106015;3208627923;User;2025-03-05 19:22:44+00:00;Des gens qui ont un compte avec IBAN FR @TraderepublicFR et qui ne peuvent pas le renseigner comme moyen de paiement sur @ENGIEpartFR car √† priori invalide ? En attendant le RIB en PDF üòå @vincent_ard
1897348367468126716;1642562090320756741;User;2025-03-05 18:07:56+00:00;"Bonjour @ENGIEpartFR c‚Äôest vraiment pas beau de mentir aux clients ! J‚Äôattend toujours les 100‚Ç¨ de remise promis lors de la souscription. Rien sur la premi√®re facture =&gt; 1er mensonge Service client relance =&gt; 2√®me mensonge 1er pr√©l√®vement, toujours rien =&gt; 3√®me mensonge ü§•"
1897288196716904757;1672283736749031425;User;2025-03-05 14:08:50+00:00;@yrf2012 @ENGIEpartFR @ENGIEpartSAV @dgccrf @cashinvestigati @yrf2012, il est crucial que les entreprises respectent leurs engagements. Transparence et sinc√©rit√© renforcent la confiance des clients. üí° #ServiceClient
1897287505101382006;320355051;User;2025-03-05 14:06:05+00:00;@ENGIEpartFR @ENGIEpartSAV Vous aimez escroquer les gens ? J'ai sign√© ce 12/02 pour 15 euros TTC par mois, et l√† sur mon espace vous indiquez 16.36 euros TTC / mois ? Merci de respecter le contrat o√π je d√©pose plainte @dgccrf @cashinvestigati https://t.co/OAusd1fHZ9
1897248977558593855;4849561803;User;2025-03-05 11:33:00+00:00;@ENGIEpartFR A quel moment vos op√©rateurs √©coutent les clients et savent r√©pondre correctement √† la question demand√©e. R√®glement facture sup√©rieur √† facture re√ßue il para√Æt c‚Äôest normal ? Oui Madame on a fait une nouvelle facture aujourd‚Äôhui sur le site ü§° #voleurs
1897199413958992067;1878098552066392064;User;2025-03-05 08:16:03+00:00;@ENGIEpartFR Ou ou Engie, publicit√© mensong√®re ! @ENGIEpartFR !!!
1896908684791587286;883324865075437568;User;2025-03-04 13:00:47+00:00;@ENGIEpartFR @ademe Une bande de voleur plut√¥t
