Compte;Nombre de mentions
@engiepartfr;474
@engiegroup;103
@engiepartsav;81
@dgccrf;10
@grdf;9
@60millions;9
@enedisclients;7
@enedis;7
@edfofficiel;7
@brunolemaire;6
@ufcquechoisir;6
@engie;5
@bymaddyness;4
@clairecreation;4
@engiepartfrn;4
@engieprofr;4
@edfetmoi;4
@medenergie;4
@60millionsnengie;3
@dgccfrn;3
@courbetjulien;3
@bfmtv;3
@ecologiegouv;3
@cdchetmoi;3
@engienewsroom;2
@cdchabitat;2
@cnews;2
@cathmacgregor;2
@gouvernementfr;2
@lacsf;2
@maisontravaux;2
@fondationengie;2
@emmanuelmacron;2
@sebpialloux;2
@tpmp;2
@atlanticfrance;2
@biduleanatheme;2
@enedisbourg;2
@engiechile;2
@enedisparis;2
@engiesolutions;2
@totalenergies;2
@nhmitha;1
@rvmradio;1
@zeze02fc;1
@caronaymericoff;1
@engiepartfrnbarnier;1
@enokel;1
@lefigaro;1
@nicolascatard;1
@lavoixdunord;1
@creenergie;1
@sibarrart;1
@carolegamelin;1
@villevillepinte;1
@ggrmcn;1
@enerplan;1
@economiegouv;1
@gabrielattal;1
@mbompard;1
@cpva;1
@jpclamadieun;1
@rmcinfo;1
@ademe;1
@engiegroupnncomment;1
@cyril77m;1
@ouestfrance;1
@mariepo22517791;1
@lbleublancrouge;1
@engiepartfrnmerci;1
@zohrabitan;1
@metropolerennes;1
@medjbeurm;1
@somabrouk;1
@supermo;1
@fermesdavenir;1
@sandozprod;1
@signalconso;1
@sncfvoyageurs;1
@engiegems;1
@engiepartfrnca;1
@hecparis;1
@chronopost;1
@y770;1
@zoesagan;1
@geoffjentry;1
@ufcquechoisirnles;1
@villedetrappes;1
@renaissance;1
@gdarmanin;1
@avanakama;1
@alirabeh;1
@laudpsr;1
@alertesinfos;1
@litigefr;1
@lcp;1
@edfofficielnnaujourd;1
@engiepartfrnnj;1
@rolandlescure;1
@ufcquechoisirn;1
@juliendoclot;1
@latribune;1
@vinceb29;1
@tf1;1
@afpfrninadmissible;1
@festimagesnatur;1
@coopsecudefense;1
@ingridlabuzan;1
@artefactfrance;1
@chcuny;1
@engieimpact;1
@engieinnov;1
@bymaddynessnn;1
@artefactfrancenn;1
@hecparisn;1
@ninie949378;1
@vaevix;1
@biencommun;1
@zinotoujours;1
@pfchenu;1
@78190trappes;1
@happebyengie;1
@leretourrr;1
@ernatio;1
